정류장ID,정류장명,위도,경도
186004061,구룡,36.44605,127.36842
186004062,구룡,36.44612,127.36868
186004063,서한이다음2단지,36.45072,127.36265
186004064,서한이다음2단지,36.45082,127.36266
186004065,구룡2통,36.44728,127.36536
186004066,구룡2통,36.44708,127.36545
186004073,대광로제비앙아파트,36.44269,127.38441
186004074,대광로제비앙아파트,36.44248,127.38485
186004119,충남대학교,36.36141,127.34421
186004128,금고1통,36.46376,127.39037
186004129,금고1통,36.46384,127.39047
186004130,금고2통,36.45899,127.38511
186004131,금고2통,36.4589,127.38522
186004132,금고동,36.4667,127.39038
186004133,금고동,36.46679,127.39056
186004134,금고동매립장,36.46046,127.38863
186004135,금고동매립장,36.46052,127.38882
186004136,대동금탄동입구,36.47203,127.38796
186004137,대동금탄동입구,36.47211,127.38797
186004141,노은농수산물시장,36.3669,127.3215
186004142,노은농수산물시장,36.3667,127.3215
186004147,월드컵경기장역,36.36888,127.31788
186004148,월드컵경기장역,36.36791,127.31808
186004207,둔곡동,36.45382,127.36172
186004208,둔곡동,36.45383,127.36183
186004209,둔곡3교,36.45706,127.36208
186004210,둔곡3교,36.45722,127.36216
186004227,반석마을입구,36.3952,127.3124
186004228,반석마을입구,36.39535,127.31195
186004229,반석역,36.39155,127.31487
186004230,반석역,36.39142,127.31514
186004272,봉명동우체국,36.35464,127.33804
186004287,온천교,36.35811,127.3429
186004288,온천교,36.3581827,127.3434456
186004299,유성온천역5번출구,36.35428,127.33994
186004300,유성온천역6번출구,36.35483,127.34174
186004301,유성온천역7번출구,36.35429,127.34178
186004302,유성자이아파트,36.35588,127.3368
186004307,구즉동주민센터입구,36.44109,127.3857
186004308,구즉동주민센터입구,36.44107,127.386
186004310,구즉초등학교,36.43997,127.38196
186004313,송강마을아파트,36.4376,127.38602
186004319,협진운수,36.44546,127.38392
186004320,협진운수,36.44489,127.38408
186004322,휴먼시아아파트,36.43802,127.38519
186004373,송강마을아파트,36.43757,127.38576
186004384,한진오피스텔,36.35644,127.34206
186004391,신동1통,36.47508,127.36701
186004392,신동1통,36.47515,127.3671
186004393,신동2통,36.47456,127.37276
186004394,신동2통,36.47465,127.3728
186004397,신동,36.47515,127.36999
186004431,안산1통,36.41063,127.29954
186004432,안산1통,36.41042,127.29963
186004433,안산산성,36.4126,127.29774
186004434,안산산성,36.41308,127.29805
186004452,국방과학연구소입구,36.40603,127.30304
186004453,국방과학연구소입구,36.40605,127.30316
186004454,외삼1통,36.39843,127.31015
186004455,외삼삼거리,36.39935,127.3099
186004533,유성고속버스터미널,36.35886,127.33616
186004534,유성고속버스터미널,36.35815,127.33647
186004543,죽동네거리,36.36675,127.33157
186004544,죽동네거리,36.36652,127.33152
186004620,노은도서관,36.38214,127.31901
186004701,KT유성지사,36.36215,127.33469
186004702,KT유성지사,36.36312,127.33432
186004704,외삼1통,36.40336,127.31012
186004705,안산교,36.41583,127.29789
186004706,안산교,36.41643,127.29797
186004811,지족초등학교,36.37942,127.31772
186005193,국방과학연구소,36.407494,127.30654
187000270,신탄진역,36.44919,127.42929
187000280,신탄진역,36.4495778,127.428986
187001378,신탄진동행정복지센터,36.45212,127.4288721
187001379,신탄진동행정복지센터,36.45277,127.42857
187001481,현대아울렛남문,36.4222,127.39715
187001482,용산고등학교,36.420492,127.397266
187001483,용산고등학교,36.419925,127.397303
187001484,둔산2동주민센터,36.353607,127.380898
187001485,둔산2동주민센터,36.353451,127.38074
187001486,씨에이치씨랩,36.46045,127.36052
187001487,씨에이치씨랩,36.46002,127.36069
187001488,서한이다음1단지,36.455401,127.36396
187001489,우미린아파트,36.455377,127.36414
187001490,롯데마트대덕점,36.426872,127.38969
187001491,롯데마트대덕점,36.427097,127.38989
187001492,테크노밸리12단지,36.41731,127.39282
187001493,테크노밸리12단지,36.41709,127.392608
187001494,테크노밸리6단지,36.418797,127.387861
187001495,테크노밸리6단지,36.418499,127.38796
187001496,대덕고등학교,36.386525,127.378455
187001497,대덕고등학교,36.38674,127.378791
187001498,국립중앙과학관입구,36.376727,127.379026
187001500,시청환승지,36.35251,127.38456
187001501,둔산경찰서,36.35855,127.379732
187001502,신세계백화점,36.376863,127.379336
187001503,현대아울렛북문,36.424775,127.399189
187001505,서한이다음2단지,36.452055,127.363565
270014001,산성시장,36.4583,127.12498
270014002,중동사거리,36.4563,127.12615
270014003,중동사거리,36.45648,127.12621
271010111,서평1리,36.5955309,127.3145926
274000055,서평교,36.591895,127.316459
274000059,서평교,36.592008,127.316545
274002001,중봉리,36.60392,127.30684
274002040,중봉리,36.60364,127.30656
274002060,오송역,36.619199,127.327217
274002082,상봉2리(가마소),36.63857,127.28365
274002083,상봉2리(가마소),36.63862,127.28379
274002084,상봉초등학교,36.63747,127.28622
274002085,상봉초등학교,36.63758,127.28628
274002086,서평리,36.59864,127.31297
274002087,서평리,36.59852,127.31318
274002088,서평1리,36.59558,127.3147
274002089,동평3리,36.58647,127.31843
274002090,동평3리,36.5868,127.31859
274020003,달계리,36.4745,127.4263
274020015,시목리,36.4897,127.41432
274020045,시목리,36.48982,127.41455
285016004,백자3리,36.70214,127.27608
285016028,장산4리,36.7467119,127.2906764
285016029,속샘말삼거리,36.7293398,127.2798646
286011001,검상산업단지,36.432537,127.073496
286011002,검상산업단지입구,36.430119,127.075012
286053001,산성동/시내버스정류장,36.460271,127.123894
286053002,"산성시장(옥룡동,공주고방면)",36.458732,127.124697
286055001,금흥교(법원),36.480838,127.146685
286055003,공주교도소,36.47923,127.14324
286055004,공주정보고(장군면 방면),36.482063,127.155284
286055005,공주정보고(신관동 방면),36.482187,127.155442
286055006,금흥동,36.4804554,127.1488778
286055007,금흥동,36.48035,127.14904
286055008,신관초등학교,36.474449,127.139555
286055009,신관초사거리(신관주공방면),36.474126,127.138317
286055010,우남퍼스트빌(신관초방면),36.478579,127.14005
286055011,우남퍼스트빌(정보고방면),36.478581,127.140394
286055012,주공2차아파트(터미널방면),36.476299,127.140177
286055013,주공2차아파트(법원방면),36.476435,127.140475
286055014,금흥교(정보고),36.48072,127.146341
286056001,동현리(장군면 방면),36.487495,127.188099
286056002,동현리(공주신관 방면),36.487627,127.188088
286065001,송선2통(신관동 방면),36.483704,127.161982
286065002,공주정명학교(신관동방면),36.48631,127.178613
286065003,공주정명학교(장군면방면),36.486177,127.178629
286065004,송선1통(장군면 방면),36.484736,127.168683
286065005,송선1통(신관동 방면),36.486222,127.17051
286065006,송선수영장(장군면방면),36.484532,127.17248
286065008,송선2통(장군면 방면),36.483592,127.162053
286065010,송선수영장(신관동방면),36.484651,127.172382
286065011,장기산업단지(신관동 방면),36.482299,127.159038
286065012,장기산업단지(장군면방면),36.482061,127.158917
286066002,관골,36.47337,127.133058
286066003,시목동(옥룡동 방면),36.463819,127.139119
286066004,시목동(터미널 방면),36.464049,127.139402
286066005,신관사거리,36.471034,127.131294
286066006,신관사거리,36.470714,127.131329
286066009,종합버스터미널(옥룡동방면),36.467935,127.134576
286066010,종합버스터미널(신관초방면),36.467953,127.134992
286066011,주공1차아파트(법원방면),36.473793,127.136733
286066012,주공1차아파트(터미널방면),36.474159,127.136772
286070001,옥룡동 회전교차로(터미널),36.45554,127.131594
286070002,옥룡동 교차로(산성시장 방면),36.456138,127.132796
286070003,옥룡동 주민센터(시목동방면),36.456359,127.135853
286070004,옥룡동 주민센터(산성시장),36.457364,127.136341
286070005,옥룡동 회전교차로(산성시장),36.456036,127.129847
286070006,산성동종점,36.46014,127.12387
286071104,흥화하브아파트,36.480528,127.1496489
286071105,흥화하브아파트,36.4804514,127.1496827
286071108,신관동행정복지센터(신관초방면),36.4723098,127.1322468
293000254,응암3리,36.5362983,127.3486242
293000255,응암3리,36.5361388,127.3486174
293000256,평기교,36.5034383,127.202422
293000257,평기교,36.5033477,127.2021484
293001001,봉산리(국제기계),36.61816,127.27034
293001002,봉산리(국제기계),36.61812,127.27049
293001003,봉산리(윗말),36.61172,127.27374
293001004,봉산리(윗말),36.61174,127.27389
293001005,봉산리(중뜸),36.60959,127.27518
293001006,봉산리(중뜸),36.60936,127.27516
293001010,봉산1리,36.60486,127.27756
293001011,봉산1리마을회관,36.60681,127.27801
293001012,봉산1리마을회관,36.60694,127.27798
293001013,봉산리,36.6061,127.28081
293001014,봉산리,36.60621,127.28092
293001015,한마음효요양병원,36.63375,127.28309
293001016,한마음효요양병원,36.63387,127.28325
293001017,서창리,36.60512,127.28421
293001018,서창리,36.60526,127.28432
293001019,세종시민체육관,36.59455,127.28477
293001020,세종시민체육관,36.59468,127.28478
293001021,신안리마을회관,36.61655,127.28695
293001022,신안리마을회관,36.61637,127.28719
293001023,세종여자고등학교,36.60638,127.28828
293001024,세종여자고등학교,36.60653,127.28837
293001026,조형아파트,36.63471,127.28878
293001027,조형아파트,36.63441,127.28884
293001028,구렁말,36.61737,127.28887
293001029,구렁말,36.61749,127.28889
293001030,신안2리입구,36.62874,127.28909
293001031,신안2리입구,36.62926,127.28909
293001032,중앙요양병원,36.614,127.2894
293001033,중앙요양병원,36.61411,127.28953
293001034,신안2리(안터),36.62652,127.28975
293001036,신봉초등학교,36.60283,127.28966
293001037,신흥주공아파트,36.5951,127.28973
293001038,신흥주공아파트,36.59523,127.28973
293001039,신안2리(안터),36.62633,127.28994
293001040,신봉초등학교,36.60169,127.29016
293001041,세종여자고등학교입구,36.6070144,127.2912647
293001042,세종시문화예술회관,36.59869,127.29035
293001043,홍익대학교,36.62188,127.29056
293001045,세종시문화예술회관,36.598,127.29075
293001046,자이아파트정문,36.58832,127.29073
293001047,신안1리,36.61865,127.29091
293001048,홍익대학교,36.62178,127.29072
293001049,신안1리입구,36.61372,127.29104
293001050,신안1리입구,36.61353,127.29121
293001051,세종여자고등학교입구,36.6068434,127.2914161
293001052,자이아파트,36.59083,127.29173
293001053,자이아파트,36.59085,127.29192
293001054,번암아파트후문,36.58772,127.29233
293001055,고려대학교,36.6108381,127.2930928
293001058,고려대학교,36.61076,127.29344
293001064,세무서 출장민원실,36.60607,127.29412
293001065,번암삼거리,36.58365,127.29409
293001066,번암삼거리,36.58401,127.29416
293001067,새주막거리,36.61256,127.29455
293001068,새주막거리,36.61236,127.29459
293001070,욱일아파트,36.6013523,127.2948263
293001072,조치원역뒤편,36.599727,127.2951059
293001075,조치원역뒤편,36.60061,127.29509
293001076,죽림리,36.59645,127.2957
293001078,번암아파트,36.58577,127.29582
293001079,번암아파트,36.5866993,127.2971748
293001080,세종고등학교,36.61024,127.29666
293001081,신동아아파트,36.59199,127.29667
293001082,세종고등학교,36.61017,127.2968
293001084,조치원역,36.60099,127.29713
293001085,세종중학교,36.60591,127.29721
293001086,세종중학교,36.60578,127.29741
293001087,세종우체국,36.60296,127.29789
293001088,조치원전통시장,36.599942,127.29819
293001089,번암리,36.5884,127.29841
293001090,조치원전통시장,36.59898,127.29861
293001091,죽림리,36.59078,127.29892
293001092,죽림리,36.59127,127.29897
293001093,효성세종병원,36.59705,127.29895
293001094,조치원버스터미널,36.6024592,127.3035236
293001096,조치원버스터미널,36.6026983,127.3036683
293001097,죽림리,36.5966487,127.2958117
293010006,대교리,36.5009348,127.210551
293010007,봉안리,36.49935893,127.2190046
293010008,봉안리,36.49926399,127.2190617
293010011,금암리(웅대원룸),36.44176087,127.2088036
293010012,금암리(어반스테이),36.44601649,127.2106385
293010013,금암리(그린원룸),36.45112248,127.2105076
293010014,금암리(솔정자),36.45532047,127.2112425
293010015,금암리(사기정골),36.45776728,127.2119781
293010023,송정리.세종요양병원,36.50214695,127.1785737
293010026,대교리(정계),36.50926645,127.2175266
293010027,대교리(정계),36.50918708,127.2175111
293011001,봉안리(다름고개),36.4990185,127.2291006
293011002,도남리,36.44575,127.23259
293011003,도남리,36.44587,127.23284
293011004,도남리마을회관,36.44309,127.23341
293011005,금강수목원(산림박물관),36.43782,127.23549
293011006,금강수목원(산림박물관),36.4378,127.23567
293011007,원봉1리,36.44815,127.23738
293011008,원봉1리,36.45007,127.23924
293011009,원봉1리마을회관,36.45129,127.23931
293011010,원봉2리,36.44738,127.24399
293011011,원봉2리마을회관,36.44547,127.2468
293011013,성강리마을회관,36.41316,127.25331
293011014,성강리마을회관,36.41255,127.25409
293011015,영곡2리,36.45872,127.2553
293011016,영곡2리,36.44812,127.25838
293011017,영곡리,36.45172,127.26405
293011018,성덕1리,36.46097,127.26644
293011019,성덕2리,36.45575,127.26691
293011020,국곡리32사단,36.427,127.26875
293011021,도암리,36.4457,127.27562
293011022,국곡리,36.42802,127.27674
293011023,국곡리,36.42818,127.27676
293011024,도암리마을회관,36.44374,127.27825
293011025,용담1리(옹기마을),36.42655,127.28053
293011026,용담1리(옹기마을),36.4267,127.28061
293011027,금남면사무소,36.46423,127.28098
293011028,금남면사무소,36.46472,127.28097
293011029,용포리,36.46842,127.2813
293011030,용포리,36.46863,127.28135
293011031,두만리,36.43423,127.28279
293011032,두만리,36.4342,127.28305
293011033,발산리,36.45638,127.28405
293011034,발산리,36.45648,127.28418
293011035,용담리(32사 방면),36.42269,127.28438
293011036,용담리,36.42278,127.28449
293011037,도암리입구,36.44731,127.28557
293011038,도암리입구,36.44691,127.28575
293011039,감성초등학교,36.44355,127.28742
293011040,두만리(산동마을),36.43671,127.2877
293011041,감성초등학교,36.44337,127.28774
293011042,감성리(32사 방면),36.44005,127.28813
293011043,감성리,36.440359,127.2883289
293011045,두만2리,36.42736,127.29114
293011046,송림사입구,36.43899,127.29402
293011047,송림사입구,36.43892,127.29418
293011048,축산리마을회관,36.44161,127.30045
293011049,축산리마을회관,36.44147,127.3008
293011050,축산리,36.43995,127.30652
293011051,축산리,36.43975,127.30656
293011055,금천1리,36.4421,127.31367
293011056,금천1리,36.44227,127.31377
293011057,남곡리마을회관,36.4704,127.31377
293011059,금천1리마을회관,36.4421,127.3155
293011060,금천1리마을회관,36.44226,127.3156
293011061,황용2리,36.4745,127.3184
293011062,황용2리,36.47452,127.31857
293011063,금천2리마을회관,36.43823,127.31981
293011064,새나루마을1단지,36.48595,127.32072
293011065,황용리(황용1교),36.47964,127.32127
293011066,새나루마을1단지,36.48592,127.32104
293011067,새나루마을8단지,36.4892,127.32362
293011068,새나루마을8단지,36.48908,127.32385
293011069,새나루마을9단지,36.4908651,127.3243797
293011070,새나루마을9단지,36.4908357,127.3247427
293011071,황용리,36.48109,127.3239
293011072,황용교,36.481796,127.323949
293011073,황용교,36.482016,127.324181
293011075,산학연클러스터,36.497569,127.33027
293011076,산학연클러스터,36.497241,127.330506
293011077,집현동,36.498159,127.337564
293011078,황용리삼성복지회관,36.48021,127.32967
293011079,집현동,36.4999553,127.3334594
293011080,황용리삼성복지회관,36.48012,127.32997
293011081,영대1리마을회관,36.45845,127.33336
293011082,황용사,36.47403,127.33406
293011083,황용사,36.47385,127.3342
293011084,초정약수터,36.47949,127.33524
293011085,영대리,36.46787,127.33543
293011086,영대리,36.4678,127.33567
293011087,초정약수터,36.47936,127.3358
293011088,달전리(한울농장),36.46182,127.34222
293011089,달전리(한울농장),36.4617,127.34258
293011090,대박리(광덕사),36.47818,127.34409
293011091,부용1리,36.49752,127.34413
293011092,대박리(광덕사),36.47829,127.34445
293011093,부용1리,36.49779,127.34486
293011094,달전리,36.45984,127.34676
293011095,달전리,36.45978,127.34699
293011096,달전리마을회관,36.462221,127.349332
293011097,달전리마을회관,36.46223,127.34918
293011098,대박리,36.47707,127.3494
293011099,대박리,36.47716,127.34951
293011100,망골,36.45954,127.35183
293011101,망골,36.45971,127.35184
293011102,박산리(작약골),36.47709,127.35183
293011103,박산리,36.4773,127.35433
293011104,박산리,36.47721,127.3546
293011105,부용2리,36.5125,127.35861
293011106,부용2리,36.51229,127.35845
293011107,박산고개,36.47516,127.36239
293011108,박산고개,36.47503,127.36245
293011109,황용리(황용1교),36.4797727,127.3214339
293012001,금호2리노인회관,36.50201,127.35459
293012002,금호2리노인회관,36.50221,127.35515
293012003,갈산2리,36.53756,127.35598
293012004,갈산2리,36.53772,127.35615
293012005,금호2리공단입구,36.5038391,127.3578931
293012006,금호2리공단입구,36.50417,127.358
293012007,산수리입구,36.55433,127.35824
293012008,부강리,36.53303,127.35955
293012009,부강리,36.53291,127.36088
293012010,저산리,36.56182,127.36194
293012011,부강역,36.53189,127.36464
293012012,금호3리,36.5095,127.3651
293012013,금호3리,36.50934,127.36516
293012014,부강역,36.53192,127.36517
293012015,저산2리,36.56219,127.36536
293012017,부강면,36.52986,127.36613
293012019,아시아제지기숙사,36.49114,127.36665
293012021,부강초등학교,36.52823,127.36714
293012022,갈산리,36.5466,127.3677
293012023,부강3리,36.52795,127.368
293012025,부강9리,36.51915,127.36818
293012026,한화사원아파트,36.52627,127.36823
293012027,한화사원아파트,36.52607,127.36838
293012028,부강9리,36.51895,127.36841
293012029,금호리,36.49383,127.36967
293012032,부강삼거리,36.52792,127.372
293012033,부강삼거리,36.52776,127.37218
293012036,행산리,36.55633,127.37314
293012037,행산리(미건산업입구),36.5575,127.37354
293012038,부강면생활체육관,36.52758,127.37381
293012039,문곡1리,36.52709,127.37805
293012040,문곡1리,36.52727,127.37843
293012041,등곡3리(충광농원),36.51333,127.38231
293012042,등곡3리(충광농원),36.51325,127.3826
293012043,세종미래고등학교,36.52808,127.3833
293012044,세종미래고등학교,36.52812,127.38392
293012045,등곡리,36.50773,127.38487
293012046,등곡리,36.50735,127.38499
293012047,문곡3리,36.52847,127.38761
293012048,문곡3리,36.52858,127.38782
293012049,매포역(노호2리),36.49753,127.39272
293012050,매포역(노호2리),36.49737,127.39305
293012051,문곡2리,36.52978,127.39637
293012052,문곡2리,36.52966,127.39645
293012053,노호1리,36.49517,127.39858
293012054,노호1리,36.495,127.39872
293012055,등곡2리,36.49376,127.40229
293012056,등곡2리,36.49386,127.40245
293012057,산수리,36.55633667,127.3581367
293012058,행산리입구,36.560275,127.3725783
293013002,운당2리,36.7057756,127.1489661
293013003,운당2리,36.7058276,127.1497944
293013006,운당1리,36.69865,127.15205
293013007,운당1리,36.6979,127.15261
293013008,KCC앞,36.70867,127.15287
293013009,소정리입구,36.71191,127.15392
293013011,소정면우체국,36.71422,127.15471
293013012,소정면우체국,36.7143,127.15486
293013013,소정리역,36.71895,127.1566
293013014,소정리역,36.71885,127.1567
293013015,소정면사무소,36.72173,127.15762
293013016,소정면사무소,36.72149,127.15766
293013017,소정리입구,36.712119,127.153895
293013018,소정리,36.72478,127.15813
293013019,대곡1리,36.72607,127.15941
293013020,대곡4리,36.72556,127.15982
293013021,소정육교(맹골),36.72646,127.16173
293013023,소정육교,36.72718,127.16312
293013024,대곡리,36.7296,127.16673
293013025,고등2리,36.70594,127.18845
293013026,고등1리마을회관,36.71543,127.19507
293013027,고등1리마을회관,36.71551,127.19521
293014001,수산리,36.5408579,127.2307892
293014002,수산리(방아다리),36.54436,127.23691
293014003,수산리(방아다리),36.54452,127.23693
293014004,눌왕2리,36.54384,127.24391
293014005,눌왕2리,36.54346,127.24441
293014006,눌왕2리마을회관,36.5442,127.24662
293014007,눌왕2리마을회관,36.54452,127.24683
293014008,눌왕2리(푸른농원),36.54602,127.24922
293014009,눌왕2리(푸른농원),36.54592,127.24938
293014010,수왕초등학교,36.54498,127.25486
293014011,수왕초등학교,36.54508,127.25503
293014012,눌왕1리(도덕농장),36.54496,127.25815
293014013,눌왕1리(도덕농장),36.54482,127.25815
293014014,해밀동,36.528653,127.2638902
293014015,해밀동,36.5285405,127.2639687
293014016,해밀동,36.5296733,127.2646746
293014017,해밀동,36.52963,127.26478
293014018,연기산업단지,36.54369,127.26673
293014019,연기산업단지,36.54374,127.26691
293014021,연기면사무소,36.5423,127.27405
293014022,연기면사무소,36.5415,127.27434
293014023,연기면사무소,36.54241,127.2744
293014024,한별동,36.5340119,127.275216
293014025,한별동,36.53377,127.27527
293014026,한별동,36.5341,127.27661
293014027,한별동,36.5338388,127.2766576
293014028,연기리,36.54431,127.27681
293014030,연기리,36.54482,127.27714
293014032,실광주유소,36.55361,127.27738
293014033,실광주유소,36.55469,127.27737
293014034,세종호수공원,36.50216,127.27738
293014036,방공학교,36.55202,127.27817
293014037,보통2리,36.54867,127.27837
293014038,보통2리,36.54869,127.27849
293014039,연기2리마을회관,36.54216,127.28017
293014048,보통1리마을회관,36.54493,127.29008
293014058,누리동,36.5341,127.292158
293015001,송용3리,36.56038,127.30372
293015002,송용3리,36.560329,127.303813
293015004,송용3리(신촌),36.56901,127.30807
293015006,송용3리(신촌),36.568869,127.308161
293015009,문주리,36.5469871,127.3103846
293015012,예양리(강촌입구),36.580326,127.312387
293015015,예양2리,36.5808639,127.3172522
293015018,예양1리,36.57621,127.32112
293015019,예양1리,36.57534,127.32155
293015020,양세오충각,36.57851,127.32177
293015021,양세오충각,36.57838,127.3219
293015022,송용리,36.5617958,127.3229875
293015023,예양리,36.57283,127.32303
293015025,예양리,36.57279,127.32321
293015026,송용리,36.5619854,127.3231771
293015028,내판역,36.55796,127.32516
293015029,내판3리,36.5481637,127.3252197
293015030,내판역,36.55751,127.3252
293015031,내판2리,36.5520139,127.3257707
293015032,내판2리,36.5516584,127.3262301
293015033,노송2리,36.57126,127.32616
293015035,연동중학교,36.55269,127.32796
293015036,연동중학교,36.5529,127.32801
293015037,노송1리(노리미),36.56935,127.32836
293015038,교과서박물관,36.5494,127.33021
293015039,교과서박물관,36.54933,127.33046
293015040,노송1리(노리미),36.5693111,127.3281964
293015043,응암농공단지,36.54621,127.33419
293015044,응암농공단지,36.5457,127.33441
293015049,명학산업단지,36.53905,127.34013
293015050,명학산업단지,36.53897,127.34062
293015051,응암2리,36.55719,127.34201
293015052,응암1리마을회관,36.54295,127.34252
293015055,명학1리,36.5372,127.34346
293015056,명학1리,36.53703,127.34345
293015057,응암4리,36.55802,127.34467
293015058,응암4리,36.55812,127.3448
293015059,용운사,36.51838,127.34674
293015060,응암리(가마골),36.54116,127.34694
293015061,용운사,36.51858,127.347
293015062,명학리,36.53567,127.34787
293015063,명학리,36.53579,127.34803
293015065,명학2리(황룡사),36.52683,127.35145
293015066,청정아파트,36.52924,127.35153
293015067,명학2리(황룡사),36.52685,127.35158
293015068,명학3리,36.53472,127.35163
293015069,명학3리,36.53454,127.35168
293015070,청정아파트,36.52908,127.35172
293015071,청봉사,36.52218,127.3536
293015072,청봉사,36.52228,127.35368
293015073,응암3리입구,36.54687,127.35382
293015074,응암3리입구,36.54694,127.35395
293015075,응암3리입구,36.54658,127.35398
293015076,명학2리(용당),36.52015,127.35409
293016001,청라리,36.58827,127.19832
293016002,청라2리,36.5926304,127.2092889
293016003,청라2리,36.5928335,127.2093887
293016004,쌍류보건진료소,36.59453,127.21345
293016005,쌍류보건진료소,36.59467,127.21372
293016010,쌍류리,36.5989,127.22171
293016011,쌍류리,36.59901,127.22186
293016012,기룡리,36.57124,127.22424
293016013,와촌3리(은암),36.55599,127.22458
293016014,와촌3리(은암),36.55608,127.22474
293016015,용암삼거리,36.59958,127.2271
293016016,용암삼거리,36.5995848,127.227268
293016017,용암리(금단마을),36.5944128,127.227644
293016018,고복저수지,36.60423,127.22974
293016019,고복저수지,36.60408,127.2298
293016020,금박골,36.55686,127.22988
293016021,용암리입구,36.60881,127.23234
293016022,기룡정미소,36.5727,127.23243
293016023,용암리입구,36.60879,127.23249
293016024,기룡리정미소,36.57266,127.23264
293016025,효방동,36.55671,127.23311
293016026,와촌3리,36.55658,127.2332
293016027,신대2리(송적골),36.59008,127.2332
293016028,신대2리(송적골),36.59011,127.2335
293016029,기룡리복지회관,36.57314,127.23419
293016030,기룡리복지회관,36.57304,127.23437
293016031,대륙테크놀로지,36.55642,127.23748
293016032,대륙테크놀로지,36.55656,127.2375
293016033,평전,36.57384,127.23765
293016034,평전,36.57382,127.23827
293016035,조치원노인전문병원,36.61154,127.23835
293016036,조치원노인전문병원,36.61157,127.23862
293016037,영동부화장,36.57468,127.24063
293016038,영동부화장,36.57498,127.24087
293016039,고복2리,36.61318,127.24315
293016040,고복2리,36.61349,127.24327
293016041,기룡리(효교동),36.57654,127.24621
293016042,기룡리(효교동),36.57669,127.24638
293016043,와촌보건진료소,36.55668,127.24644
293016044,와촌보건진료소,36.55657,127.24644
293016045,고복리조각공원,36.61275,127.2476
293016046,고복리조각공원,36.61279,127.24778
293016047,신대2리마을회관,36.58474,127.24801
293016048,신대2리마을회관,36.58454,127.24817
293016049,고복저수지입구,36.60976,127.24836
293016050,고복저수지입구,36.60938,127.24855
293016051,와촌리(기와말),36.55682,127.2488
293016052,와촌리(기와말),36.55695,127.24885
293016053,고복리,36.60692,127.25073
293016054,고복리,36.607,127.25112
293016055,신대1리마을회관,36.58112,127.25147
293016056,신대1리,36.57817,127.25147
293016057,신대1리마을회관,36.5814876,127.2513956
293016058,신대1리,36.57801,127.25158
293016061,세종기숙학원,36.55689,127.252
293016062,은용리,36.489195,127.195662
293016063,번암터,36.56317,127.25387
293016064,연서초등학교,36.58203,127.25394
293016065,연서감리교회,36.57759,127.25602
293016066,연서감리교회,36.57767,127.25632
293016067,연서중학교,36.58099,127.25676
293016068,연서중학교,36.58113,127.25696
293016069,고복1리마을회관,36.60506,127.25748
293016070,고복1리마을회관,36.60462,127.25795
293016071,국촌2리,36.57727,127.25925
293016072,국촌2리,36.57711,127.25936
293016073,와촌1리(대실),36.55868,127.26061
293016074,와촌1리(대실),36.55887,127.26078
293016075,서면,36.58632,127.26114
293016076,서면,36.58628,127.26126
293016077,고복1리,36.59675,127.2614
293016078,고복1리,36.59669,127.26154
293016079,성제2리,36.59151,127.26172
293016080,성제2리,36.5914,127.26196
293016081,서세종농협,36.58857,127.26386
293016082,서세종농협,36.58847,127.26396
293016083,성제삼거리,36.58916,127.26419
293016084,성제삼거리,36.58922,127.26433
293016085,국촌2리마을회관,36.57566,127.26499
293016086,국촌2리마을회관,36.57578,127.26507
293016087,전당골,36.58242,127.26832
293016088,성제1리마을회관,36.59183,127.26913
293016089,성제1리마을회관,36.59196,127.26919
293016090,쌍전리(우리요양원),36.57806,127.26923
293016091,쌍전리(우리요양원),36.57809,127.26937
293016092,부동리마을회관,36.5596356,127.2696102
293016093,부동리마을회관,36.559699,127.2697497
293016094,연서면사무소,36.59184,127.27115
293016095,연서면사무소,36.59204,127.2716
293016096,국촌1리,36.57297,127.2725
293016097,국촌1리,36.57319,127.27255
293016098,월하1리마을회관,36.59354,127.27439
293016099,월하1리마을회관,36.59373,127.27467
293016100,방축골,36.59433,127.27733
293016101,대원아파트,36.55833,127.27817
293016102,대원아파트,36.55839,127.27835
293016103,국촌1리(함박산),36.5715,127.27887
293016104,국촌1리(함박산),36.57137,127.27907
293016105,쌍전리마을회관,36.57776,127.27925
293016109,대원아파트후문,36.56068,127.28087
293016110,대원아파트후문,36.56134,127.28143
293016111,세종장례식장,36.57148,127.28215
293016112,봉암리,36.56358,127.28305
293016113,봉암리,36.56387,127.28345
293016114,농업기술센터,36.57213,127.28354
293016115,월하2리,36.58373,127.28447
293016116,세종교통,36.56604,127.28472
293016117,세종교통,36.56604,127.28491
293016118,도원초등학교,36.58576,127.28655
293016119,봉암2리마을회관,36.55973,127.28701
293016120,세종장례식장입구,36.57023,127.28746
293016121,세종장례식장입구,36.5700498,127.2875721
293016122,세종장례식장입구,36.5703293,127.2875669
293016123,세종장례식장입구,36.5700006,127.2877801
293016124,월하리(항공학교),36.57537,127.29147
293016125,월하리(항공학교),36.57633,127.29212
293016126,월하리,36.57825,127.29256
293016127,월하리,36.57842,127.29276
293016129,연서초등학교,36.58198663,127.2537284
293017001,송학2리(언고개),36.54245,127.18782
293017002,송학2리(언고개),36.54252,127.18796
293017004,송학2리(하나로마트),36.53849,127.19066
293017005,송학2리(하나로마트),36.53804,127.19126
293017007,은용리,36.48912,127.19574
293017010,송문리입구,36.51462,127.19736
293017011,평기리마을회관,36.51018,127.19748
293017012,하봉교차로,36.48961,127.1977
293017013,송문리입구,36.5148,127.19775
293017014,평기리마을회관,36.51012,127.19785
293017015,하봉교차로,36.48959,127.19782
293017016,평기리(아랫말),36.50652,127.19951
293017017,평기리(아랫말),36.50672,127.19963
293017018,장기중학교,36.49386,127.20217
293017020,장기중학교,36.49398,127.20235
293017021,용현리,36.54304,127.20454
293017022,용현리,36.54313,127.20479
293017023,장군면사무소,36.49684,127.20511
293017024,장군면사무소,36.49714,127.20531
293017025,평촌입구,36.54709,127.20582
293017026,평촌입구,36.54716,127.20595
293017027,대교1리(밤실입구),36.50224,127.20701
293017028,대교1리(밤실입구),36.50234,127.20716
293017029,장기초등학교,36.49667,127.20729
293017030,금암리노인정,36.43813,127.2084
293017031,용암1리마을회관,36.54893,127.20846
293017032,금암리노인정,36.43827,127.2085
293017033,용암1리마을회관,36.54878,127.20851
293017034,금암리(웅대원룸),36.44168,127.20892
293017037,금암리(정보마을영조아파트),36.44864,127.2104
293017038,금암리(정보마을영조아파트),36.44884,127.21055
293017039,대교리,36.50069,127.21053
293017040,금암리(그린원룸),36.45103,127.21064
293017041,금암리(어반스테이),36.44591,127.21077
293017042,금암리(솔정자),36.4553,127.21109
293017043,대교리,36.50109,127.21121
293017045,한국영상대학교,36.46158,127.21124
293017046,금암리(사기정골),36.45775,127.21181
293017047,용암2리마을회관,36.56224,127.21266
293017049,봉안리(부일가든),36.50061,127.21556
293017050,용암2리입구,36.5519867,127.2154951
293017051,은용1리,36.49328,127.21577
293017052,용암2리입구,36.5522218,127.2158015
293017053,은용1리,36.49338,127.21585
293017054,봉안리(부일가든),36.50016,127.21592
293017055,금암삼거리,36.43837,127.21848
293017056,금암삼거리,36.4382,127.2185
293017057,산학리,36.49191,127.22186
293017058,산학리,36.49187,127.22221
293017062,영평사입구,36.47582,127.23838
293017063,영평사입구,36.47564,127.23857
293017064,봉안리,36.4990546,127.2213088
293017065,송문리,36.51757353,127.1937051
293017066,송문리,36.51766839,127.1936835
293017067,송문리(원송정),36.513646,127.190932
293017068,송문리(원송정),36.513728,127.190959
293017070,용현리(효도마을),36.54025333,127.202295
293017071,용현리(효도마을),36.5403123,127.2022621
293018001,베어트리파크,36.67207,127.21071
293018002,베어트리파크,36.67203,127.21089
293018003,흥진레미콘,36.65236,127.21365
293018004,송성1리입구,36.6495494,127.2134708
293018005,송성1리입구,36.6496282,127.2136204
293018006,흥진레미콘,36.65265,127.21388
293018007,송성2리입구,36.66242,127.21428
293018008,송성2리입구,36.66261,127.21437
293018009,송성1리,36.645085,127.217546
293018012,송성3리(솔티),36.63605,127.2174
293018013,미곡리,36.66429,127.21949
293018014,미곡리,36.66418,127.21964
293018015,개미고개,36.65799,127.22055
293018016,개미고개,36.65797,127.22078
293018017,청람리(동막골),36.64433,127.23168
293018018,청람리입구,36.66142,127.23228
293018019,청람리입구,36.6615,127.23251
293018020,송정리,36.62505,127.2325
293018021,청람리,36.65165,127.23274
293018022,청람리,36.65163,127.23286
293018023,청람1리마을회관,36.65495,127.23318
293018024,청람1리마을회관,36.65476,127.23347
293018025,송정2리(구리골),36.62602,127.23617
293018026,송정2리(구리골),36.62618,127.23619
293018027,송정리(행골),36.6274,127.24115
293018028,송정리(행골),36.62748,127.24134
293018029,송정1리(상소골),36.62739,127.24411
293018030,송정1리(상소골),36.62752,127.24412
293018031,아람달동림권역체험관,36.6656,127.24464
293018032,아람달동림권역체험관,36.66548,127.2448
293018033,송정1리,36.6278,127.24617
293018034,송정1리,36.62792,127.24628
293018035,송정1리(권고조경),36.62849,127.25058
293018036,송정1리(권고조경),36.62871,127.25064
293018037,청송산업단지입구,36.6638,127.25523
293018038,청송산업단지입구,36.66366,127.25556
293018039,석곡리,36.6587466,127.2560505
293018040,송곡2리(능골),36.62956,127.25671
293018041,석곡리,36.6591135,127.2569277
293018042,송곡2리(능골),36.62967,127.25687
293018043,청송리,36.66176,127.25721
293018044,보덕2리마을회관,36.64401,127.25738
293018045,청송리,36.66181,127.25736
293018046,석곡리입구,36.65908,127.25977
293018047,석곡리입구,36.65926,127.25977
293018048,송곡2리,36.63014,127.26023
293018049,송곡2리,36.63007,127.26045
293018050,봉대리(평말),36.68073,127.26314
293018051,봉대리(평말),36.68098,127.26305
293018052,전동 복컴·면사무소·초등학교,36.65549,127.26387
293018053,전동 복컴·면사무소·초등학교,36.65526,127.26404
293018054,봉대리,36.68337,127.26512
293018055,봉대리,36.68345,127.26529
293018056,전동역,36.65419,127.26593
293018057,송곡1리,36.6306,127.26601
293018058,송곡1리,36.63073,127.26613
293018059,전동삼거리,36.65346,127.26687
293018060,전동삼거리,36.65378,127.2669
293018061,전동삼거리,36.65356,127.26695
293018062,전동삼거리,36.65369,127.26701
293018063,송곡1리(예비군훈련장),36.62553,127.26835
293018064,송곡1리(예비군훈련장),36.62545,127.26847
293018065,송곡보건진료소,36.63065,127.26908
293018066,송곡보건진료소,36.63079,127.26911
293018067,노장농공단지,36.66071,127.27012
293018068,노장농공단지,36.6609,127.27033
293018069,조치원낚시터,36.67308,127.2706
293018070,조치원낚시터,36.67291,127.27078
293018071,심중2리입구,36.64988,127.27101
293018072,심중2리입구,36.64999,127.27104
293018073,세종시공원묘원,36.69282,127.27229
293018074,세종시공원묘원,36.69279,127.27243
293018075,노장3리,36.66938,127.2725
293018076,노장2리,36.66327,127.27263
293018077,노장2리,36.66316,127.27271
293018078,노장3리,36.66932,127.2727
293018079,보덕1리,36.6326,127.27317
293018080,보덕1리,36.63252,127.2733
293018081,심중1리,36.64451,127.27593
293018082,심중1리,36.64456,127.27603
293018083,심중2리입구,36.65736,127.2811
293018084,심중2리입구,36.6575,127.28108
293018085,심중2리,36.66544,127.29221
293018086,심중2리,36.66531,127.29224
293018087,심중리시민스포츠센터,36.6704,127.29874
293019001,KCC앞,36.70852,127.15296
293019003,유천리(어천),36.68803,127.16612
293019004,유천리(어천),36.6879,127.16612
293019005,유천리,36.6862,127.16905
293019006,유천리,36.68628,127.16919
293019007,금사리,36.60927,127.17268
293019008,금사리,36.60976,127.17305
293019009,달전1리,36.63113,127.17432
293019010,다방2리마을회관,36.59749,127.17442
293019011,달전1리,36.63112,127.1745
293019012,달전2리입구,36.62698,127.17504
293019013,달전2리입구,36.62677,127.17521
293019015,달전2리입구,36.62685,127.17534
293019018,세종미래산업단지,36.63987,127.17637
293019019,세종미래산업단지,36.63972,127.17649
293019020,양곡리,36.64323,127.17697
293019021,양곡리,36.64316,127.1771
293019022,유천2리,36.68292,127.17727
293019023,유천2리,36.68278,127.17728
293019024,달전리(태호농장),36.61601,127.17733
293019025,달전리(태호농장),36.61607,127.17748
293019026,민석아파트입구,36.6811,127.18134
293019027,민석아파트입구,36.68099,127.18197
293019028,신방1리(신암골),36.65099,127.18462
293019029,신방1리(신암골),36.651,127.18479
293019030,비암사입구,36.60406,127.1863
293019031,비암사입구,36.60409,127.18662
293019032,대전카톨릭대입구,36.65524,127.18733
293019033,대전카톨릭대입구,36.65494,127.18734
293019034,서정2리마을회관,36.69661,127.18893
293019035,서정2리마을회관,36.69659,127.18911
293019036,영당리(영성들),36.66042,127.18919
293019039,영당리(영성들),36.66047,127.18938
293019040,다방1리마을회관,36.60319,127.18944
293019041,서정2리,36.70042,127.18963
293019042,서정2리,36.70041,127.18994
293019043,부거실(아랫마을),36.62586,127.19001
293019044,부거실(아랫마을),36.62598,127.19015
293019045,신흥리,36.66348,127.19092
293019046,신흥리,36.66359,127.19113
293019047,덕고개,36.68046,127.19186
293019048,서정1리마을회관,36.68798,127.19183
293019049,덕고개,36.6803,127.19145
293019050,서정1리마을회관,36.68799,127.19201
293019051,전의산연수원,36.70287,127.19218
293019052,전의산연수원,36.70249,127.19243
293019053,한국콜마,36.68087,127.19338
293019054,한국콜마,36.68079,127.19353
293019055,신흥리(사사),36.66931,127.19429
293019056,원성2리,36.67112,127.19515
293019057,원성2리,36.67103,127.19527
293019058,전의중학교,36.68047,127.19682
293019059,전의중학교,36.68024,127.19736
293019060,부거실(윗마을),36.62444,127.19807
293019061,관정1리,36.69898,127.19813
293019062,관정1리,36.69905,127.19826
293019063,원성리(죽근마을),36.67609,127.19916
293019064,원성리(죽근마을),36.67622,127.19936
293019065,전의역,36.67939,127.20358
293019066,전의역,36.67953,127.2036
293019069,성호아파트,36.68191,127.20441
293019070,성호아파트,36.68196,127.20455
293019071,갈정교,36.68911,127.20517
293019072,갈정교,36.68899,127.2053
293019073,대추리,36.6932,127.2057
293019074,신방2리마을회관,36.676,127.20598
293019075,신방2리마을회관,36.67611,127.2063
293019076,재동아파트,36.6794,127.2066
293019077,재동아파트,36.67954,127.20667
293019078,사관정,36.69888,127.21024
293019079,전의산업단지,36.70105,127.21057
293019080,상대부(쌍태울),36.71258,127.21146
293019083,신정1리,36.69158,127.21464
293019084,동교리,36.67077,127.21704
293019085,동교리,36.67078,127.21719
293019086,신정2리,36.69472,127.21988
293019088,종성골,36.69603,127.22178
293019089,하노곡,36.70131,127.22721
293019090,하노곡,36.7014451,127.2271649
293019091,노곡리종점,36.70046,127.23454
293019092,노곡리,36.70061,127.23461
293019094,대추리,36.69343329,127.2057917
293019095,사관정,36.69893829,127.2101017
293051003,열병합발전소,36.46513,127.246
293051004,열병합발전소,36.4654,127.24613
293051005,가람동(이마트앞),36.47061,127.2518
293051006,가람동(이마트앞),36.47062,127.25208
293052001,은하수공원,36.53181,127.244421
293052002,은하수공원,36.532563,127.243964
293053001,다정동(대성고등학교),36.4938489,127.2565765
293053003,"새롬동,나성동(청소년센터)",36.4877395,127.2571293
293053004,새롬동.나성동,36.48771,127.25729
293053005,"새롬동,나성동(청소년센터)",36.48685,127.25785
293053006,새롬동.나성동,36.4868848,127.2579693
293053007,첫마을1단지,36.48385,127.2592
293053008,한솔동(첫마을),36.4811358,127.2615539
293053009,한솔동,36.4810822,127.2617829
293053010,한솔동(첫마을),36.4812897,127.2618716
293053011,한솔동,36.48034,127.26243
293054001,다정동(대성고등학교),36.4938571,127.2561857
293054003,다정동,36.4939251,127.2563976
293055001,세종고속시외버스터미널(지상),36.469265,127.2738136
293055002,세종고속시외버스터미널(지상),36.4693014,127.2740033
293055058,세종고속시외버스터미널,36.4689905,127.2735878
293055059,세종고속시외버스터미널,36.46881,127.2735046
293055069,도램마을20단지,36.517445,127.264615
293056001,도담동(도램마을),36.5149714,127.2587943
293056002,도담동,36.51483,127.25896
293056003,도담동,36.5140662,127.259188
293056004,도담동(도램마을),36.514017,127.2593948
293056005,성금교차로(도램마을9단지),36.5091666,127.2615149
293056007,"도램마을14,15단지",36.51233,127.2668
293056008,양지중학교,36.50843,127.26785
293056010,"도램마을16,19단지",36.51532,127.2659733
293056011,"도램마을16,19단지",36.51484,127.2660717
293056035,"가재마을7,12단지",36.50648333,127.2496233
293057001,한국조세재정연구원,36.49277,127.30037
293057002,한국조세재정연구원,36.49285,127.30063
293057003,장재리(태련암입구),36.480076,127.312459
293057004,장재리(태련암입구),36.480213,127.312432
293057005,장재리(길재고개),36.48083,127.31665
293057006,장재리(길재고개),36.48096,127.31679
293058001,금남초등학교,36.47133,127.28601
293058002,금남초등학교,36.47197,127.28629
293058003,신촌리,36.47344,127.28809
293058004,신촌리,36.47375,127.28835
293058005,호탄리,36.47643,127.29645
293058006,호탄리,36.47625,127.29646
293058007,"장영실고등학교,호탄리(안터)",36.47765,127.29841
293058008,"장영실고등학교,호탄리(안터)",36.47755,127.29868
293060001,장재리,36.4787,127.30443
293060002,장재리,36.47855,127.30451
293060003,한국개발연구원(KDI),36.48246,127.30716
293060004,한국개발연구원(KDI),36.4825782,127.3074549
293060005,장재1리,36.479397,127.308355
293061002,아름동커뮤니티센터,36.51182,127.24733
293061003,아름동커뮤니티센터,36.51163,127.24741
293061004,범지기마을4단지,36.5083875,127.2499679
293061005,"범지기마을6,11단지",36.51045,127.2498
293061006,아름초등학교,36.5147,127.25062
293061007,범지기마을10단지,36.51879,127.25226
293062002,어진중학교(가재마을9단지),36.4986553,127.2550362
293062003,어진중학교(가재마을9단지),36.4989327,127.2549113
293062004,다정동,36.49491,127.25649
293062005,정부세종청사남측,36.5008322,127.2593406
293062006,정부세종청사남측,36.5008869,127.2596196
293062007,정부세종청사남측,36.50173,127.25991
293062008,정부세종청사남측,36.5016046,127.2601032
293062009,과기정통부(중기부),36.49753,127.26038
293062010,과기정통부(중기부),36.49776,127.2605
293062011,정부세종청사북측,36.504176,127.2611617
293062012,정부세종청사북측,36.5048938,127.2616877
293062013,정부세종청사북측,36.5051501,127.261382
293062014,정부세종청사북측,36.5050692,127.2615051
293062015,성금교차로(세종포스트빌딩),36.5079451,127.2615354
293062016,도램마을9단지,36.5084834,127.2624829
293062017,문화체육관광부,36.49815,127.2644
293062018,문화체육관광부,36.49931,127.26472
293062019,정부세종청사 중앙동,36.50222,127.26608
293062020,정부세종청사 중앙동,36.50168,127.26609
293062021,공정거래위원회,36.50435,127.26735
293062024,"양지중학교(한뜰마을1,2단지)",36.50712,127.26767
293062025,국무조정실(한뜰마을3단지),36.50408,127.27115
293062026,국무조정실(한뜰마을3단지),36.50383,127.27132
293062027,공정거래위원회,36.504461,127.267198
293063001,가재마을5단지.가온마을6단지,36.49915,127.24736
293063002,가재마을5단지.가온마을6단지,36.4994482,127.2466099
293064001,첫마을5단지,36.47762,127.24973
293064002,첫마을5단지,36.4777,127.25004
293064003,첫마을4단지,36.48019,127.2516
293064004,첫마을4단지,36.47998,127.25203
293064005,첫마을6단지,36.47542,127.25308
293064006,첫마을6단지,36.47503,127.25326
293064007,한솔중학교(첫마을7단지),36.47538,127.25558
293064008,한솔중학교(첫마을7단지),36.47491,127.2557
293064009,첫마을1단지,36.48334,127.25863
293064010,첫마을3단지,36.47821,127.26117
293064011,첫마을3단지,36.478,127.26135
293064012,봉안리(다름고개),36.4992393,127.2290775
293064013,은하수공원,36.5325085,127.2453325
293064014,문주리,36.5469422,127.310502
293064017,조치원역,36.6013323,127.2970784
293064019,조치원전통시장북측,36.6014294,127.3000769
293064020,대평리원형교차로,36.4600198,127.2805189
293064021,대평리원형교차로,36.4600021,127.2807254
293064023,정부세종청사스포츠센터,36.5063018,127.2584839
293064024,정부세종청사스포츠센터,36.5063112,127.2586961
293064025,"가재마을9, 10단지",36.5018101,127.2525964
293064026,종촌종합복지센터,36.5022184,127.2474138
293064027,"종촌초등학교(가재마을1,2단지)",36.5020819,127.2425959
293064028,고운중학교,36.5068832,127.2367283
293064029,고운중학교,36.5060786,127.2377584
293064030,"종촌초등학교(가재마을1,2단지)",36.5018836,127.2425854
293064031,종촌종합복지센터,36.5019154,127.246929
293064032,"가재마을9, 10단지",36.5015892,127.2525636
293064033,신흥사거리,36.5944736,127.2912907
293064034,신흥사거리,36.5944686,127.2909665
293064035,효성세종병원,36.5972495,127.2987069
293064036,용암리,36.601508,127.2278203
293064037,용암리,36.6015212,127.2276693
293064038,쌍류리입구,36.5966178,127.2183175
293064039,쌍류리입구,36.5968888,127.2185402
293064040,봉암3리,36.5561346,127.2726712
293064041,봉암3리,36.5557656,127.2729852
293064042,눌왕리(새터말),36.5454681,127.2625687
293064043,눌왕리(새터말),36.5453054,127.2623793
293064044,쌍전리,36.5751655,127.2727272
293064051,세종충남대병원,36.5186505,127.2570215
293064052,세종충남대병원,36.5187208,127.2561613
293064054,"범지기마을8,12단지",36.5125038,127.2504125
293064055,아름초등학교,36.5153587,127.2511516
293064056,범지기마을10단지,36.5185438,127.2524761
293064058,도램마을1단지,36.5078138,127.2572564
293064059,범지기마을4단지,36.507833,127.2490874
293064060,가락마을8단지,36.5089327,127.2405854
293064061,"종촌고(가재마을3,4단지)",36.5050718,127.2436524
293064062,문화체육관광부,36.4966718,127.2666425
293064063,국립세종도서관정문,36.4991217,127.2678021
293064064,국립세종도서관,36.5001938,127.2674639
293064065,문화체육관광부(남측),36.4960299,127.2657345
293064068,가재마을7단지,36.5051417,127.2489733
293064069,"종촌고(가재마을3,4단지)",36.5052447,127.2443833
293064070,가락마을8단지,36.5087662,127.2407144
293064071,가재마을12단지,36.5073176,127.2505017
293064072,도램마을1단지,36.5075751,127.2573298
293064073,"도램마을14,15단지",36.5108082,127.2669854
293064074,세종기숙학원,36.5568692,127.2522366
293064075,달전리,36.633804,127.1755319
293064076,달전리,36.6336684,127.1754206
293064077,국책연구단지북측,36.4955579,127.3033473
293064078,국책연구단지북측,36.4959817,127.3034244
293064079,"시청,시의회,교육청,세무서",36.478188,127.288035
293064080,"시청,시의회,교육청,세무서",36.478828,127.288963
293064083,번암아파트후문,36.5876866,127.2920412
293064084,세무서 출장민원실,36.6059319,127.2939937
293064085,성덕교차로,36.4606374,127.2776489
293064086,성덕교차로,36.4607591,127.2776151
293064087,부용농공단지,36.4922149,127.3624753
293064088,부용농공단지,36.4923814,127.3622573
293064089,고운고등학교,36.509267,127.2343639
293064090,고운고등학교,36.5089377,127.2342422
293064091,가락초등학교,36.5156123,127.2337503
293064092,가락초등학교,36.5156976,127.233616
293064093,두루중학교,36.5173305,127.2381952
293064094,두루중학교,36.5174909,127.2373346
293064095,"두루초,중학교",36.5191814,127.2394622
293064096,"두루초,중학교",36.5187165,127.2391789
293064097,가락마을22단지,36.5200447,127.2405762
293064098,가락마을22단지,36.5201811,127.2411119
293064099,"범지기3,9단지(청소년센터)",36.518782,127.2444672
293064100,"범지기3,9단지(청소년센터)",36.5189667,127.2449384
293064101,범지기마을10단지북측,36.5189898,127.2489006
293064102,범지기마을10단지북측,36.5190968,127.2483697
293064106,가락마을14단지,36.51301,127.2331115
293064107,가락마을14단지,36.5129521,127.2334076
293064108,도램마을20단지,36.5174087,127.2649161
293064109,"도램마을8,10단지",36.5119283,127.2595385
293064110,"도램마을8,10단지",36.5121473,127.2599592
293064113,"가락마을17,18단지",36.5197921,127.2346313
293064114,"가락마을17,18단지",36.5195051,127.2347603
293064115,두루고등학교,36.5173734,127.2311308
293064116,두루고등학교,36.5172342,127.2313602
293064117,"가락마을10,13단지",36.5134794,127.2293797
293064118,"가락마을10,13단지",36.513498,127.2296588
293064119,"가락마을9,11단지",36.5106813,127.229892
293064120,"가락마을9,11단지",36.5105636,127.2296299
293064121,으뜸초등학교,36.5071605,127.2317021
293064122,으뜸초등학교,36.5070383,127.231468
293064123,고운동커뮤니티센터남측,36.5042791,127.2352687
293064124,고운동커뮤니티센터남측,36.5043276,127.2347772
293064125,가재마을7단지,36.5049528,127.248745
293064130,봉암리,36.4164076,127.2771281
293064131,봉암리,36.4164799,127.2772171
293064132,송곡2리,36.4126903,127.2684388
293064133,송곡2리,36.4126093,127.2685171
293064138,"가재마을5,8단지",36.5004747,127.2498627
293064139,"가재마을5,8단지",36.5009207,127.2497831
293064140,고운동커뮤니티센터북측,36.5200871,127.2377731
293064141,고운동커뮤니티센터북측,36.5203767,127.2376669
293064142,대법원등기정보센터,36.5121017,127.2423505
293064143,다정동(장기로),36.4999845,127.2345564
293064144,다빛초등학교(가재마을1단지),36.4997313,127.2424127
293064145,다빛초등학교(가온마을3단지),36.4995152,127.2425474
293064146,세종시보건소(대동초),36.5955999,127.2935516
293064147,세종시보건소(대동초),36.5955851,127.2953796
293064148,범지기마을1단지,36.5089857,127.242171
293064149,범지기마을1단지,36.5087261,127.2430206
293064150,대법원등기정보센터,36.5118935,127.2423344
293064151,가재마을11단지,36.5043789,127.2501706
293064152,조치원전통시장북측,36.6015602,127.2996293
293064153,복지회관,36.5271885,127.3698136
293064154,가톨릭꽃동네대학교,36.5243046,127.3986812
293064156,은하수공원,36.5326753,127.2453565
293064158,"가락마을7,8단지",36.5055858,127.2395189
293064161,성강리,36.4223668,127.2507526
293064162,금천2리마을회관,36.4383112,127.3199267
293064164,"세종우체국(남부서,보람초)",36.4802554,127.2931435
293064165,"세종우체국(남부서,보람초)",36.4805387,127.2927688
293064166,"호려울마을8,9단지",36.4796473,127.2960085
293064167,"호려울마을8,9단지",36.4797747,127.296745
293064168,"새샘마을1,2단지",36.4807836,127.298936
293064169,"새샘마을1,2단지",36.480853,127.299974
293064170,방공학교,36.5518391,127.2780081
293064171,예양2리,36.5809703,127.3172654
293064172,노송1리,36.5668063,127.3304159
293064173,장군면복지회관,36.4991636,127.2080709
293064174,장군면복지회관,36.4990494,127.2081953
293064175,평기리,36.5230569,127.1992142
293064176,평기리,36.5230746,127.1990689
293064178,다정동(장기로),36.4998106,127.2345693
293064181,도남삼거리,36.4413461,127.2242355
293064182,도남삼거리,36.4412701,127.2245036
293064183,방축골,36.5945295,127.2773157
293064184,신대2리(의넘어),36.5891565,127.2395123
293064185,신대2리(의넘어),36.589008,127.2396078
293064186,신대1리마을회관,36.581362,127.2516833
293064187,쌍전리(창현),36.5800984,127.2808446
293064188,삼일아파트,36.5950425,127.2970189
293064189,성제삼거리,36.5888707,127.2646493
293064191,상교동입구,36.6782443,127.2091842
293064192,상교동입구,36.6783788,127.2089207
293064193,세종장례식장,36.5713742,127.2821434
293064194,성강리입구,36.4074242,127.2521543
293064195,성강리입구,36.4073699,127.2520597
293064196,보통1리마을회관,36.5447598,127.2901082
293064197,신동,36.4752476,127.3699229
293064198,응암3리,36.5479716,127.3532034
293064199,행산1리,36.5525825,127.3725366
293064200,생천경로당,36.6055624,127.2171389
293064203,"고운뜰공원,대법원등기정보센터",36.5114233,127.2412918
293064204,"고운뜰공원,대법원등기정보센터",36.511388,127.241627
293064205,"가락마을7,8단지",36.5051871,127.240274
293064206,보람동.대평동,36.4749413,127.2807336
293064207,보람동(해들마을),36.4746524,127.2805
293064208,보람동(호려울마을),36.4757635,127.2817304
293064209,보람동.대평동,36.4756055,127.2816359
293064210,"시청,시의회,교육청,세무서",36.478356,127.288188
293064211,"시청,시의회,교육청,세무서",36.478674,127.288769
293064212,글벗중학교(새샘마을9단지),36.4906457,127.2986202
293064213,글벗중학교(새샘마을9단지),36.4898882,127.2984603
293064214,소담동 새샘마을,36.4824576,127.2972683
293064215,소담동(새샘마을),36.4823772,127.2977039
293064216,소담동 새샘마을,36.4826387,127.2977367
293064217,소담동(새샘마을),36.4827102,127.2973234
293064220,세종고속시외버스터미널(지하),36.4708162,127.2731717
293064221,세종고속시외버스터미널(지하),36.4706404,127.273189
293064222,국립세종도서관,36.5003888,127.2675805
293064225,삼성전기,36.5396464,127.3361428
293064226,삼성전기,36.5395019,127.3359476
293064227,리봄화장품,36.5451653,127.3308576
293064228,리봄화장품,36.5450657,127.3305114
293064229,명학산업단지입구,36.5492451,127.3280218
293064230,명학산업단지입구,36.5491094,127.3277093
293064231,대평동(해들마을),36.4723006,127.2763096
293064232,대평동(해들마을),36.4719176,127.2763944
293064233,"가락마을20,21단지",36.5175074,127.2407913
293064234,"가락마을20,21단지",36.5172956,127.240792
293064236,대곡리,36.7298387,127.1667903
293064237,"가온마을4,7단지",36.4912295,127.2498109
293064238,"새뜸마을7,10단지",36.4898819,127.2499045
293064239,새롬동커뮤니티센터,36.4858496,127.2508553
293064240,새롬동커뮤니티센터,36.4851331,127.2509413
293064241,"새뜸마을5,8단지",36.4825015,127.2535174
293064242,"새뜸마을5,8단지",36.4823928,127.2532777
293064243,"법원.검찰청,경찰청",36.4869234,127.3019122
293064245,국책연구단지남측,36.4910378,127.3040175
293064246,국책연구단지남측,36.492314,127.3043101
293064249,봉암리,36.5618193,127.2851819
293064250,봉암리,36.5614165,127.2842946
293064251,대평동,36.472267,127.276406
293064252,대평동,36.472148,127.276445
293064253,"법원.검찰청,경찰청",36.487095,127.301744
293064254,"법원.검찰청,경찰청",36.486842,127.301429
293064255,국책연구단지,36.4913263,127.304
293064257,반곡동(수루배마을),36.497739,127.312279
293064258,반곡동(수루배마을),36.497535,127.310959
293064259,조치원버스터미널,36.6018992,127.3028932
293064260,조치원버스터미널,36.6018765,127.3027591
293064261,국책연구단지,36.492195,127.304331
293064262,"가온마을6,9단지",36.498607,127.24896
293064263,다정동커뮤니티센터,36.495506,127.249035
293064264,다정동커뮤니티센터,36.494341,127.248799
293064267,감성리,36.440161,127.288359
293064268,과학기술정보통신부,36.496085,127.2630356
293064269,과학기술정보통신부,36.4959777,127.2634881
293064270,장기초등학교,36.4968405,127.2073985
293064271,박산리(작약골),36.4770044,127.3519196
293064272,장재1리,36.479548,127.308328
293064273,연기2리마을회관,36.5423242,127.2802675
293064274,번암리,36.588329,127.2986104
293064275,황용리,36.481345,127.323838
293064276,노송2리,36.57114,127.3261292
293064277,응암2리,36.5572604,127.3416481
293064278,응암3리,36.5479444,127.3530917
293064279,노송1리,36.5668778,127.3305923
293064280,부강면생활체육관,36.5266749,127.374268
293064281,송용1리마을회관,36.5641491,127.3263516
293064282,송용1리마을회관,36.5642304,127.3264129
293064283,송용리,36.5616519,127.3232337
293064284,송용리,36.5617961,127.3232222
293064285,응암1리마을회관,36.5428916,127.3426439
293064286,응암리(영모재),36.5422497,127.3447065
293064287,응암리(가마골),36.5411841,127.3467866
293064288,응암리(우리종묘),36.539663,127.3451417
293064289,응암리(영모재),36.5423399,127.3447566
293064290,응암리(우리종묘),36.5395955,127.3452983
293064291,명학2리(용당),36.5202645,127.3539706
293064292,문주리입구,36.5481921,127.3112811
293064293,문주리입구,36.5482424,127.3111782
293064294,예양2리,36.580917,127.3165926
293064295,예양2리,36.5808035,127.3166622
293064296,예양리(강촌입구),36.5804101,127.3123797
293064297,노송리,36.5626625,127.3358785
293064298,부강산업단지입구,36.500533,127.3622629
293064299,노송리,36.5627078,127.3360404
293064300,부강산업단지입구,36.5008976,127.3618379
293064301,부강산업단지,36.4983679,127.3649243
293064304,갈산1리,36.5436985,127.3646969
293064306,국립세종도서관정문,36.4991764,127.26764
293064307,"가온마을6,9단지",36.4986116,127.2491786
293064308,"새뜸마을5,6단지",36.4832363,127.2513939
293064309,"새뜸마을5,6단지",36.4833939,127.2512762
293064310,"새뜸마을1,2단지",36.4826015,127.2474552
293064311,"새뜸마을1,2단지",36.4827907,127.2474155
293064312,"가득초등학교(새뜸마을3,4단지)",36.4854282,127.2455481
293064313,"가득초등학교(새뜸마을3,4단지)",36.4853374,127.2452246
293064314,새롬고등학교(새뜸마을7단지),36.4869507,127.2492943
293064315,새롬고등학교(새뜸마을7단지),36.4871399,127.2492546
293064316,금박골,36.556931,127.22984
293064317,다방1리마을회관,36.6031132,127.189307
293064318,쌍류초등학교,36.597535,127.208638
293064319,쌍류초등학교,36.5976715,127.208475
293064320,신흥리(사사),36.669438,127.194232
293064321,쌍류리(월정마을),36.5952236,127.2177077
293064322,쌍류리(월정마을),36.5952411,127.2174952
293064323,용암리(금단마을),36.5944763,127.2278058
293064324,고복저수지,36.5977479,127.2274533
293064325,고복저수지,36.5977251,127.2273249
293064326,청라리,36.5882205,127.1984708
293064327,용암2리,36.5599723,127.2125067
293064328,용암2리,36.5599682,127.2126743
293064329,세종첨단산업단지,36.7191773,127.1955466
293064330,대교에이스,36.7177679,127.2003627
293064331,행정리,36.6885967,127.1575524
293064332,행정리,36.6887542,127.1574677
293064333,쌍전리,36.5750779,127.2726146
293064334,용암2리입구,36.5523608,127.2154937
293064336,송정리,36.6252011,127.2325295
293064338,신정1리,36.6915871,127.2147544
293064339,신정2리,36.6946059,127.219943
293064340,종성골,36.6959446,127.2218636
293064341,(주)레이크엘이디앞,36.6980972,127.2210106
293064342,전의산업단지,36.7012593,127.2106772
293064343,내판2리,36.5526956,127.3252308
293064344,내판2리,36.5525517,127.3254602
293064345,연동중학교,36.5527497,127.3283481
293064346,연동중학교,36.55293,127.3282919
293064347,세종예술고등학교,36.492095,127.269558
293064348,세종예술고등학교,36.492706,127.268917
293064349,나릿재마을,36.4914044,127.2581439
293064350,나릿재마을,36.4912197,127.2581891
293064351,대평동커뮤니티센터,36.4724194,127.2790898
293064352,가락마을6단지,36.502547,127.238868
293064353,대평동커뮤니티센터,36.4722476,127.2788336
293064354,가락마을6단지,36.5024695,127.2384071
293064355,국민건강보험공단,36.5136059,127.2416967
293064356,국민건강보험공단,36.5137042,127.2413334
293064358,새롬중학교(새뜸마을1단지),36.4804553,127.249332
293064359,새롬중학교(새뜸마을1단지),36.4802617,127.2494164
293064360,새뜸마을4단지(가온마을1단지),36.4894565,127.2448371
293064361,새뜸마을4단지(가온마을1단지),36.4895961,127.2447697
293064362,소담고등학교(새샘마을5단지),36.4815502,127.3045326
293064363,소담고등학교(새샘마을1단지),36.4815428,127.3027743
293064364,새샘마을6단지,36.4852332,127.3036516
293064365,새샘마을6단지,36.4848875,127.3033124
293064366,다정중학교(가온마을4단지),36.4937133,127.2477261
293064367,다정중학교(가온마을4단지),36.4936286,127.2481842
293064368,새뜸마을14단지,36.4911744,127.2558346
293064369,새뜸마을14단지,36.4909023,127.2550427
293064370,"가온마을4,7단지",36.4915533,127.2494805
293064371,새뜸마을10단지,36.4905735,127.2508178
293064372,다정고등학교(가온마을1단지),36.4929776,127.2430447
293064373,다정고등학교(가온마을1단지),36.4927929,127.2431235
293064374,"가온마을2,3단지",36.4960541,127.2420575
293064375,"가온마을2,3단지",36.4961754,127.2418338
293064376,한결초등학교,36.4958942,127.2473673
293064377,한결초등학교,36.4960562,127.2472552
293064378,"수루배마을8,9단지",36.4981635,127.317689
293064379,"수루배마을8,9단지",36.498118,127.3173877
293064380,"반곡초,중학교",36.50145,127.3122098
293064381,"반곡초,중학교",36.5012202,127.312255
293064382,수루배마을1단지,36.498989,127.306082
293064383,수루배마을1단지,36.498904,127.306358
293064384,문화체육관광부,36.4967463,127.2664681
293064385,산학리(주니어전문스쿨),36.4825063,127.232697
293064386,산학리(주니어전문스쿨),36.4826597,127.2327579
293064387,소정리,36.7245035,127.1581344
293064388,"새뜸마을1,2단지",36.4828783,127.2461704
293064389,"새뜸마을1,2단지",36.4828552,127.2459137
293064390,"새뜸마을3,4단지",36.4866304,127.2470123
293064391,"새뜸마을3,4단지",36.4864817,127.2470741
293064392,"한뜰마을1,2단지",36.506399,127.267947
293064393,보건복지부 고용노동부,36.5024356,127.2609046
293064394,보건복지부 고용노동부,36.5022146,127.2608383
293064395,고등2리,36.7060526,127.1885841
293064398,영상마을아파트,36.4951389,127.1890242
293064400,반곡동(수루배마을),36.497338,127.310767
293064401,반곡동(수루배마을),36.497847,127.312253
293064404,깊은내길,36.646477,127.268761
293064405,동산산업,36.710329,127.147243
293064406,운당교차로,36.705806,127.148932
293064407,동산산업,36.710519,127.147184
293064408,깊은내길,36.646415,127.268755
293064409,내판리(외판1교),36.555932,127.323048
293064410,내판리(외판1교),36.555994,127.32309
293064411,쌍류리(수디산),36.609737,127.217233
293064412,고운동(만남로),36.501134,127.236316
293064413,고운동(만남로),36.500435,127.235985
293064414,연동면 복합커뮤니티센터,36.555077,127.326537
293064415,연동면 복합커뮤니티센터,36.555012,127.326823
293064416,산학연클러스터,36.501718,127.328826
293064417,산학연클러스터,36.500789,127.328331
293064418,집현동,36.498135,127.322785
293064419,집현동,36.497917,127.321985
293064420,누리동,36.533978,127.29214
293064421,수루배마을6단지,36.494364,127.318453
293064422,수루배마을6단지,36.494546,127.318515
293064424,세종누리학교,36.525453,127.242234
293064425,세종누리학교,36.525623,127.242241
293064426,주택성능연구개발센터,36.4686297,127.2415678
293064427,주택성능연구개발센터,36.4684392,127.2412886
293064428,장기중학교후문,36.495592,127.203518
293064429,장기중학교후문,36.495617,127.203627
293064430,"새뜸마을7,10단지",36.48844,127.250695
293064431,수루배마을4단지,36.501441,127.31419
293064432,수루배마을4단지,36.501285,127.31406
293064433,수루배마을3단지,36.500322,127.307365
293064434,수루배마을3단지,36.500238,127.307661
293064435,한국산업인력공단(세종지사),36.490395,127.256809
293064436,한국산업인력공단(세종지사),36.4903,127.256369
293064443,대전공원묘원,36.4519,127.2266
293064444,응암2리마을회관,36.5534,127.3389
293064445,세종충남대학교병원,36.520517,127.259481
293064446,세종충남대학교병원,36.521617,127.259736
293064447,세종충남대학교병원(후문),36.520501,127.259685
293064448,세종충남대학교병원(후문),36.521691,127.259634
293064451,국립세종수목원(연구동),36.4980336,127.2897139
293064452,"국립세종수목원,중앙공원",36.4996496,127.283625
293064453,세종호수공원,36.5018825,127.2791339
293064454,세종중앙공원,36.5001803,127.2821042
293064455,국립세종수목원,36.4988004,127.286745
293064456,국립세종수목원(연구동),36.4976075,127.2900113
293064458,해밀마을1단지,36.524978,127.2631843
293064459,해밀마을1단지,36.5245725,127.263286
293064460,원수산MTB공원,36.523357,127.2663781
293064461,원수산MTB공원,36.5237808,127.2664048
293064462,부강2리,36.5295,127.36597
293064463,부강초등학교,36.52783,127.36722
293064464,복지회관,36.52697,127.36974
293064465,부강2리,36.52934,127.36628
293064466,"진웅엠피아,재진가로등",36.538209,127.3364865
293064467,"진웅엠피아,재진가로등",36.5383444,127.3366315
293064468,명학2리,36.5236,127.35205
293064469,명학2리,36.5238951,127.3519644
293064470,응암3리마을입구,36.55073,127.35874
293064471,아름제2중(가락마을20단지),36.5165801,127.2413696
293064472,가락마을8단지.가재마을4단지,36.5076818,127.2411758
293064473,"종촌초등학교(가락마을6, 7단지)",36.5034395,127.2408773
293064474,종촌초등학교(가재마을3단지),36.5038057,127.2413842
293064475,가락마을8단지.가재마을4단지,36.5076286,127.2416171
293064476,아름제2중(가락마을20단지),36.5166984,127.2418662
293064477,산학연클러스터,36.50184,127.32914
293064478,산학연클러스터,36.50067,127.3279
293064479,집현동,36.49804,127.32304
293064480,집현동,36.49818,127.32136
293064484,해밀고등학교,36.52621,127.27124
293064485,해밀고등학교,36.5259544,127.2715644
293064486,"나성중학교,나성초등학교",36.48943,127.26369
293064487,"나성중학교,나성초등학교",36.49113,127.26272
293064488,"나릿재마을1,2단지",36.4874554,127.2646885
293064489,"나릿재마을1,2단지",36.4880312,127.2641006
293064490,수산리교차로,36.5378723,127.2340996
293064491,수산리교차로,36.5382055,127.2339589
293064492,다솜동,36.5317939,127.3202744
293064493,다솜동,36.5319645,127.3198216
293064497,전의산업단지교차로,36.70158,127.21039
293064498,다솜동,36.532531,127.3188316
293064499,다솜동,36.5319968,127.3203074
293064500,누리동,36.5342796,127.2936421
293064501,누리동,36.5339416,127.2936765
293064502,신흥3리,36.5956852,127.2907396
293064503,신흥3리,36.5956318,127.2911254
293064504,조치원 농협,36.592983,127.2869737
293064505,조치원 농협,36.5928162,127.2869351
293064506,신흥푸르지오,36.5915324,127.2899626
293064507,신흥푸르지오,36.5913565,127.2899016
293064508,월하리(패션아울렛),36.5735137,127.2903054
293064509,장욱진화백탑비,36.5559269,127.3394987
293064510,청미마을회관,36.6625624,127.2340451
293064511,반곡고등학교,36.4978363,127.3161531
293064512,반곡고등학교,36.49733,127.31655
293064513,한국농어촌공사,36.4683,127.2822
293064514,한국농어촌공사,36.46825,127.28234
293064515,"새샘마을7,8단지",36.48683,127.29981
293064516,"새샘마을7,8단지",36.48709,127.30017
293064517,동면농협예양지소,36.56798,127.32163
293064518,동면농협예양지소,36.56811,127.3218
293064519,"새나루마을4,9단지",36.49207,127.32188
293064520,"새나루마을4,9단지",36.49207,127.32226
293064521,"새나루마을2,8단지",36.4884705,127.3221026
293064522,"새나루마을2,8단지",36.4885801,127.3224222
293064523,"나릿재마을 4,6단지",36.4916231,127.2611096
293064524,"나릿재마을4,6단지",36.491527,127.261263
293064525,"새나루마을9,10단지",36.49297,127.32451
293064526,"새나루마을9,10단지",36.49296,127.32349
293113022,소정육교(맹골),36.72712998,127.1620038
293900001,대전공원묘원,36.452,127.2269
293900004,번암안동네,36.5845518,127.2925292
293900005,세종예술의전당,36.4849259,127.266713
293900006,세종예술의전당,36.484826,127.2662838
293900007,양지고등학교,36.5074521,127.268335
293900008,양지고등학교,36.5083429,127.2670152
293900009,세종소방서,36.5064823,127.272369
293900010,세종소방서,36.5061679,127.2722563
293900011,전통문화체험관,36.5038919,127.2832104
293900012,전통문화체험관,36.5038217,127.2854098
293900013,세종연구단지,36.4962997,127.3055641
293900014,세종연구단지,36.4960327,127.3053012
293900015,새나루마을10단지,36.4937474,127.3255569
293900016,새나루마을10단지,36.4937495,127.3252565
293900017,새나루마을1단지(후문),36.4840122,127.3174727
293900018,새나루마을1단지(후문),36.4837674,127.3176229
293900019,한국개발연구원(KDI),36.4819656,127.3084015
293900020,등곡리(쌍용양회),36.5037501,127.3860039
293900021,등곡리(쌍용양회),36.5020407,127.3866584
293900022,문곡리(호계마을),36.5288945,127.3933123
293900023,문곡리(호계마을),36.5290048,127.3932318
293900034,대전세종연구원,36.4894396,127.3023454
293900035,봉암2교,36.5595678,127.2835256
293900036,봉암2교,36.5597276,127.2833969
293900037,봉암리(봉암길),36.5578496,127.2847434
293900038,봉암리(봉암길),36.5577505,127.2846844
293900039,"봉암리(봉암길,서원길)",36.5582417,127.2868999
293900040,"봉암리(봉암길,서원길)",36.5585606,127.2871252
